vid,session,single/multi,test/train,pred,color pair,initial nan,vel nan,correct,final nan,levers,mags,trial type,familiarity,fiber pho,dividers
041624_Cam4_TrNum10_Coop_KL001B-KL001Y,041624_KL001_TimeOut,multi,test,True,KL001B-KL001Y,0.0144580696202531,0.0151173523206751,True,0.0,True,True,coop,TP,False,transparent
041624_Cam3_TrNum7_Coop_KL002B-KL002Y,041624_KL002_TimeOut,multi,test,True,KL002B-KL002Y,0.0411641882257078,0.0420706864941943,True,0.0007129761662253,True,True,coop,TP,False,transparent
041624_Cam3_TrNum9_Coop_KL002B-KL002Y,041624_KL002_TimeOut,multi,test,True,KL002B-KL002Y,0.0708096209599484,0.0737571137120154,True,0.0004939332116396,True,True,coop,TP,False,transparent
041824_Cam4_TrNum5_Coop_KL005Y-KL005B,041824_KL005_TimeOut,multi,test,True,KL005Y-KL005B,0.0749164895232311,0.0793467624928299,True,0.0005297432263724,True,True,coop,TP,False,transparent
041824_Cam4_TrNum7_Coop_KL005Y-KL005B,041824_KL005_TimeOut,multi,test,True,KL005Y-KL005B,0.1216888394873041,0.1302285595192608,True,0.0016620931605821,True,True,coop,TP,False,transparent
041824_Cam3_TrNum11_Coop_KL007Y-KL007G,041824_KL007_TimeOut,multi,test,True,KL007Y-KL007G,0.2937262479871175,0.3441932367149758,True,0.0067504025764895,True,True,coop,TP,False,transparent
041824_Cam3_TrNum5_Coop_KL007Y-KL007G,041824_KL007_TimeOut,multi,test,True,KL007Y-KL007G,0.2927765864506393,0.3496187753157017,True,0.005204114049718,True,True,coop,TP,False,transparent
041924_Cam4_TrNum12_Coop_KL002B-KL002Y,041924_KL002_TimeOut,multi,test,True,KL002B-KL002Y,0.0687745311818578,0.0739254736638077,True,0.0006687018461985,True,True,coop,TP,False,transparent
041924_Cam4_TrNum5_Coop_KL002B-KL002Y,041924_KL002_TimeOut,multi,test,True,KL002B-KL002Y,0.0636709110650478,0.0674809989142236,True,0.0005527588589477,True,True,coop,TP,False,transparent
042224_Cam2_TrNum5_Coop_KL005Y-KL005B,042224_KL005_TimeOut,multi,test,True,KL005Y-KL005B,0.0827981437069797,0.087884261998941,True,0.0006431619273055,True,True,coop,TP,False,transparent
042224_Cam2_TrNum7_Coop_KL005Y-KL005B,042224_KL005_TimeOut,multi,test,True,KL005Y-KL005B,0.184577778783695,0.1957721295520901,True,0.0038895050132403,True,True,coop,TP,False,transparent
042224_Cam4_TrNum12_Coop_KL006G-KL006R,042224_KL006_TimeOut,multi,test,True,KL006G-KL006R,0.039609659278862,0.0410585511081706,True,0.000201786304995,True,True,coop,TP,False,transparent
042224_Cam4_TrNum5_Coop_KL006G-KL006R,042224_KL006_TimeOut,multi,test,True,KL006G-KL006R,0.1319755958390027,0.1367664486678663,True,0.0021792564631523,True,True,coop,TP,False,transparent
042224_Cam3_TrNum12_Coop_KL007Y-KL007G,042224_KL007_TimeOut,multi,test,True,KL007Y-KL007G,0.2923459244532803,0.3510792388525987,True,0.003976143141153,True,True,coop,TP,False,transparent
042224_Cam3_TrNum6_Coop_KL007Y-KL007G,042224_KL007_TimeOut,multi,test,True,KL007Y-KL007G,0.282776738801318,0.3324383293258527,True,0.0045752070531659,True,True,coop,TP,False,transparent
042324_Cam4_TrNum7_Coop_KL002B-KL002Y,042324_KL002_TimeOut,multi,test,True,KL002B-KL002Y,0.0459204046319712,0.0492679355783308,True,1.996539331824837e-05,True,True,coop,TP,False,transparent
042324_Cam4_TrNum5_Coop_KL002B-KL002Y,042324_KL002_TimeOut,multi,test,True,KL002B-KL002Y,0.0814073889993373,0.0859633863485752,True,0.0008055831676607,True,True,coop,TP,False,transparent
042424_Cam2_TrNum5_Coop_KL005Y-KL005B,042424_KL005_TimeOut,multi,test,True,KL005Y-KL005B,0.0457389618401339,0.047682206750683,True,0.000938574072442,True,True,coop,TP,False,transparent
042424_Cam2_TrNum12_Coop_KL005Y-KL005B,042424_KL005_TimeOut,multi,test,True,KL005Y-KL005B,0.0465519803819573,0.0482722746525971,True,0.000105892843873,True,True,coop,TP,False,transparent
042424_Cam3_TrNum12_Coop_KL006G-KL006R,042424_KL006_TimeOut,multi,test,True,KL006G-KL006R,0.1346634834015461,0.142962710322874,True,0.0028393587994542,True,True,coop,TP,False,transparent
042424_Cam3_TrNum5_Coop_KL006G-KL006R,042424_KL006_TimeOut,multi,test,True,KL006G-KL006R,0.0608746440826458,0.0634518507702416,True,0.0016865006935825,True,True,coop,TP,False,transparent
042424_Cam4_TrNum7_Coop_KL007Y-KL007G,042424_KL007_TimeOut,multi,test,True,KL007Y-KL007G,0.290644270863922,0.3411111763669466,True,0.0046778645680389,True,True,coop,TP,False,transparent
042624_Cam2_TrNum8_Coop_KL001B-KL001Y,042624_KL001_TimeOut,multi,test,True,KL001B-KL001Y,0.2978777615511295,0.3173600969455924,True,0.008593046018084,True,True,coop,TP,False,transparent
042624_Cam2_TrNum6_Coop_KL001B-KL001Y,042624_KL001_TimeOut,multi,test,True,KL001B-KL001Y,0.2480650658404337,0.2671820294345469,True,0.0044879938032532,True,True,coop,TP,False,transparent
042624_Cam3_TrNum5_Coop_KL002B-KL002Y,042624_KL002_TimeOut,multi,test,True,KL002B-KL002Y,0.0245639373402955,0.0250194422841906,True,3.3329630041106545e-05,True,True,coop,TP,False,transparent
042624_Cam3_TrNum7_Coop_KL002B-KL002Y,042624_KL002_TimeOut,multi,test,True,KL002B-KL002Y,0.0201241236639466,0.0206872773244454,True,0.0,True,True,coop,TP,False,transparent
042624_Cam4_TrNum7_Coop_KL004G-KL004R,042624_KL004_TimeOut,multi,test,True,KL004G-KL004R,0.0706012892317446,0.0740727042164218,True,0.0006789601606255,True,True,coop,TP,False,transparent
042624_Cam4_TrNum9_Coop_KL004G-KL004R,042624_KL004_TimeOut,multi,test,True,KL004G-KL004R,0.0792998055015282,0.0831712512735019,True,0.000555709919422,True,True,coop,TP,False,transparent
042924_Cam4_TrNum5_Coop_KL005Y-KL005B,042924_KL005_TimeOut,multi,test,True,KL005Y-KL005B,0.0462223678722516,0.0495829112792706,True,0.0001772627063099,True,True,coop,TP,False,transparent
042924_Cam4_TrNum12_Coop_KL005Y-KL005B,042924_KL005_TimeOut,multi,test,True,KL005Y-KL005B,0.088556170131604,0.0918857796790278,True,0.0022983024985695,True,True,coop,TP,False,transparent
042924_Cam1_TrNum9_Coop_KL006G-KL006R,042924_KL006_TimeOut,multi,test,True,KL006G-KL006R,0.2044885253022515,0.2064359661188735,True,0.0028089480923767,True,True,coop,TP,False,transparent
042924_Cam1_TrNum11_Coop_KL006G-KL006R,042924_KL006_TimeOut,multi,test,True,KL006G-KL006R,0.1915161580513459,0.1950522455193412,True,0.0029582727838903,True,True,coop,TP,False,transparent
042924_Cam3_TrNum12_Coop_KL007Y-KL007G,042924_KL007_TimeOut,multi,test,True,KL007Y-KL007G,0.2905134510768313,0.3301140174379611,True,0.0074111334674714,True,True,coop,TP,False,transparent
042924_Cam3_TrNum7_Coop_KL007Y-KL007G,042924_KL007_TimeOut,multi,test,True,KL007Y-KL007G,0.2826678513911256,0.3200199922252457,True,0.0051063475315155,True,True,coop,TP,False,transparent
050824_Cam2_TrNum9_Coop_EB001R-EB031B,050824_EB001R-031B-027Y_TimeOut_CNO,multi,test,True,EB001R-EB031B,0.0909999528546508,0.0913629720428079,True,0.0014685776248173,True,True,coop,TP,False,transparent
050824_Cam2_TrNum11_Coop_EB001R-EB027Y,050824_EB001R-031B-027Y_TimeOut_CNO,multi,test,True,EB001R-EB027Y,0.161914011538573,0.1661757458034963,True,0.0015046531180239,True,True,coop,UF,False,transparent
050824_Cam3_TrNum7_Coop_EB007R-EB003B,050824_EB007R-005Y-003B_TimeOut_CNO,multi,test,True,EB007R-EB003B,0.1123023926511429,0.1174108096560564,True,0.0019814142277291,True,True,coop,UF,False,transparent
050824_Cam3_TrNum10_Coop_EB007R-EB005Y,050824_EB007R-005Y-003B_TimeOut_CNO,multi,test,True,EB007R-EB005Y,0.1633638634471274,0.1714078847337364,True,0.0024508561705824,True,True,coop,TP,False,transparent
050824_Cam1_TrNum7_Coop_EB015R-EB011Y,050824_EB015R-011Y-009B_TimeOut_CNO,multi,test,True,EB015R-EB011Y,0.1421271333168439,0.149027949542419,True,0.0024857778877071,True,True,coop,TP,False,transparent
050824_Cam1_TrNum11_Coop_EB015R-EB009B,050824_EB015R-011Y-009B_TimeOut_CNO,multi,test,True,EB015R-EB009B,0.0449128233269312,0.0462398044448878,True,0.0008493178020004,True,True,coop,UF,False,transparent
050824_Cam4_TrNum12_Coop_EB021R-EB019Y,050824_EB021R-023B-019Y_TimeOut_CNO,multi,test,True,EB021R-EB019Y,0.1816702790200005,0.1866580701802518,True,0.0136725287387857,True,True,coop,UF,False,transparent
050824_Cam4_TrNum8_Coop_EB021R-EB023B,050824_EB021R-023B-019Y_TimeOut_CNO,multi,test,True,EB021R-EB023B,0.0560903810963481,0.0569536160394621,True,0.000447529636407,True,True,coop,TP,False,transparent
051024_Cam2_TrNum12_Coop_EB005Y-EB003B,051024_EB005Y-007R-003B_TimeOut_CNO,multi,test,True,EB005Y-EB003B,0.1002869253342028,0.1014802738832735,True,0.0009928268666449,True,True,coop,UF,False,transparent
051024_Cam2_TrNum7_Coop_EB005Y-EB007R,051024_EB005Y-007R-003B_TimeOut_CNO,multi,test,True,EB005Y-EB007R,0.2039369451853031,0.211054496238207,True,0.0040324827833286,True,True,coop,TP,False,transparent
051024_Cam3_TrNum7_Coop_EB011Y-EB009B,051024_EB011Y-015R-009B_TimeOut_CNO,multi,test,True,EB011Y-EB009B,0.0910597470562581,0.0960259485390318,True,0.0007441125163541,True,True,coop,UF,False,transparent
051024_Cam3_TrNum9_Coop_EB011Y-EB015R,051024_EB011Y-015R-009B_TimeOut_CNO,multi,test,True,EB011Y-EB015R,0.0585131332082551,0.0593198874296435,True,0.0007621951219512,True,True,coop,TP,False,transparent
051024_Cam1_TrNum7_Coop_EB023B-EB021R,051024_EB023B-021R-019Y_TimeOut_CNO,multi,test,True,EB023B-EB021R,0.0520079663883887,0.0528673541768974,True,0.0005360942871173,True,True,coop,TP,False,transparent
051024_Cam1_TrNum12_Coop_EB023B-EB019Y,051024_EB023B-021R-019Y_TimeOut_CNO,multi,test,True,EB023B-EB019Y,0.1027785024784763,0.1050482650665275,True,0.0018409209496477,True,True,coop,UF,False,transparent
051024_Cam4_TrNum10_Coop_EB031B-EB001R,051024_EB031B-001R-027Y_TimeOut_CNO,multi,test,True,EB031B-EB001R,0.0448446467445082,0.0451041185654286,True,0.0003650196802779,True,True,coop,TP,False,transparent
051024_Cam4_TrNum8_Coop_EB031B-EB027Y,051024_EB031B-001R-027Y_TimeOut_CNO,multi,test,True,EB031B-EB027Y,0.1177542016806722,0.1207731092436974,True,0.0022678571428571,True,True,coop,UF,False,transparent
051324_Cam1_TrNum11_Coop_EB001R-EB031B,051324_EB001R-031B-033Y_TimeOut_VEH,multi,test,True,EB001R-EB031B,0.0618646958499147,0.0633769187038089,True,0.0007049459920409,True,True,coop,TP,False,transparent
051324_Cam2_TrNum7_Coop_EB007R-EB005Y,051324_EB007R-005Y-009B_TimeOut_VEH,multi,test,True,EB007R-EB005Y,0.2103184553660983,0.216934135740555,True,0.0022839351387495,True,True,coop,TP,False,transparent
051324_Cam2_TrNum11_Coop_EB007R-EB009B,051324_EB007R-005Y-009B_TimeOut_VEH,multi,test,True,EB007R-EB009B,0.0920699471329808,0.0930917039446929,True,0.002620475803172,True,True,coop,UF,False,transparent
051324_Cam3_TrNum8_Coop_EB015R-EB011Y,051324_EB015R-011Y-003B_TimeOut_VEH,multi,test,True,EB015R-EB011Y,0.0643384097674619,0.0663747357521894,True,0.0005177099961171,True,True,coop,TP,False,transparent
051324_Cam3_TrNum12_Coop_EB015R-EB003B,051324_EB015R-011Y-003B_TimeOut_VEH,multi,test,True,EB015R-EB003B,0.0768257523904341,0.0822558231182461,True,0.000803725136374,True,True,coop,UF,False,transparent
051324_Cam4_TrNum9_Coop_EB021R-EB027Y,051324_EB021R-023B-027Y_TimeOut_VEH,multi,test,True,EB021R-EB027Y,0.2049294895794334,0.2157369274928241,True,0.0038612255085486,True,True,coop,UF,False,transparent
051324_Cam4_TrNum7_Coop_EB021R-EB023B,051324_EB021R-023B-027Y_TimeOut_VEH,multi,test,True,EB021R-EB023B,0.0658618360147121,0.0668776740811169,True,0.000419095753997,True,True,coop,TP,False,transparent
051424_Cam4_TrNum9_Coop_EB005Y-EB007R,051424_EB005Y-007R-009B_TimeOut_VEH,multi,test,True,EB005Y-EB007R,0.2444254338489472,0.254170885854953,True,0.0043507105695031,True,True,coop,TP,False,transparent
051424_Cam1_TrNum7_Coop_EB011Y-EB003B,051424_EB011Y-015R-003B_TimeOut_VEH,multi,test,True,EB011Y-EB003B,0.1870943798854173,0.2074014798320692,True,0.0026558114721777,True,True,coop,UF,False,transparent
051424_Cam1_TrNum10_Coop_EB011Y-EB015R,051424_EB011Y-015R-003B_TimeOut_VEH,multi,test,True,EB011Y-EB015R,0.0846643724536213,0.0881096475614097,True,0.0006032198093429,True,True,coop,TP,False,transparent
051424_Cam2_TrNum7_Coop_EB023B-EB021R,051424_EB023B-021R-027Y_TimeOut_VEH,multi,test,True,EB023B-EB021R,0.0532574468085106,0.0536234042553191,True,0.0013659574468085,True,True,coop,TP,False,transparent
051424_Cam2_TrNum10_Coop_EB023B-EB027Y,051424_EB023B-021R-027Y_TimeOut_VEH,multi,test,True,EB023B-EB027Y,0.0559926096502972,0.0575536871418625,True,0.0007028865206447,True,True,coop,UF,False,transparent
051424_Cam3_TrNum7_Coop_EB031B-EB033Y,051424_EB031B-001R-033Y_TimeOut_VEH,multi,test,True,EB031B-EB033Y,0.0641875629075314,0.0659161524659752,True,0.0011804735022537,True,True,coop,UF,False,transparent
051424_Cam3_TrNum11_Coop_EB031B-EB001R,051424_EB031B-001R-033Y_TimeOut_VEH,multi,test,True,EB031B-EB001R,0.0349256068911511,0.0360349778125815,True,0.0001087618550421,True,True,coop,TP,False,transparent
051524_Cam1_TrNum11_Coop_EB001R-EB031B,051524_EB001R-031B-019Y_TimeOut_VEH,multi,test,True,EB001R-EB031B,0.0666870266308331,0.0684644515025653,True,0.0012124358661128,True,True,coop,TP,False,transparent
051524_Cam1_TrNum7_Coop_EB001R-EB019Y,051524_EB001R-031B-019Y_TimeOut_VEH,multi,test,True,EB001R-EB019Y,0.1577806094900758,0.1613485669855942,True,0.0049664154121941,True,True,coop,UF,False,transparent
051524_Cam2_TrNum11_Coop_EB007R-EB027Y,051524_EB007R-005Y-027Y_TimeOut_VEH,multi,test,True,EB007R-EB027Y,0.1342124175858513,0.1395212948786051,True,0.0022310408399212,True,True,coop,UF,False,transparent
051524_Cam2_TrNum7_Coop_EB007R-EB005Y,051524_EB007R-005Y-027Y_TimeOut_VEH,multi,test,True,EB007R-EB005Y,0.2092876887093344,0.2170614501382096,True,0.0034935147778014,True,True,coop,TP,False,transparent
051524_Cam3_TrNum12_Coop_EB015R-EB033Y,051524_EB015R-011Y_033Y_TimeOut_VEH,multi,test,True,EB015R-EB033Y,0.174690162664601,0.1794818831224718,True,0.0082386608141836,True,True,coop,UF,False,transparent
051524_Cam3_TrNum8_Coop_EB015R-EB011Y,051524_EB015R-011Y_033Y_TimeOut_VEH,multi,test,True,EB015R-EB011Y,0.0580078125,0.060382080078125,True,0.0008148193359375,True,True,coop,TP,False,transparent
051524_Cam4_TrNum7_Coop_EB021R-EB023B,051524_EB021R-023B-009B_TimeOut_VEH,multi,test,True,EB021R-EB023B,0.0875304726770651,0.088358898021703,True,0.0018143377990637,True,True,coop,TP,False,transparent
051524_Cam4_TrNum9_Coop_EB021R-EB009B,051524_EB021R-023B-009B_TimeOut_VEH,multi,test,True,EB021R-EB009B,0.1015115115115115,0.103571071071071,True,0.002595095095095,True,True,coop,UF,False,transparent
052024_Cam1_TrNum7_Coop_EB011Y-EB017B,052024_EB011Y-015R-017B_TimeOut_VEH_BAD,multi,test,True,EB011Y-EB017B,0.221642948674715,0.245657696544592,True,0.00482228367168,True,True,coop,UF,False,transparent
052024_Cam2_TrNum7_Coop_EB027Y-EB029R,052024_EB027Y-029R-EB023B_TimeOut_VEH_BAD,multi,test,True,EB027Y-EB029R,0.2169660902762182,0.2311273298899618,True,0.0037693689647428,True,True,coop,TP,False,transparent
052024_Cam3_TrNum7_Coop_EB031B-EB019Y,052024_EB031B-001R-EB019Y_TimeOut_VEH_BAD,multi,test,True,EB031B-EB019Y,0.1343152454780361,0.1371441411077407,True,0.0029030446017301,True,True,coop,UF,False,transparent
052124_Cam3_TrNum10_Coop_EB001R-EB031B,052124_EB001R-031B-003B_TimeOut_CNO,multi,test,True,EB001R-EB031B,0.0476173595989264,0.0491796222210968,True,0.0004469033270876,True,True,coop,TP,False,transparent
052124_Cam3_TrNum8_Coop_EB001R-EB003B,052124_EB001R-031B-003B_TimeOut_CNO,multi,test,True,EB001R-EB003B,0.0851713199782813,0.0903695024719229,True,0.001631754922413,True,True,coop,UF,False,transparent
052124_Cam1_TrNum9_Coop_EB007R-EB005Y,052124_EB007R-005Y-023B_TimeOut_CNO,multi,test,True,EB007R-EB005Y,0.179065362761393,0.1839163542190097,True,0.0027985002512465,True,True,coop,TP,False,transparent
052124_Cam1_TrNum7_Coop_EB007R-EB023B,052124_EB007R-005Y-023B_TimeOut_CNO,multi,test,True,EB007R-EB023B,0.104391568992404,0.1059308818351023,True,0.0018474269329443,True,True,coop,UF,False,transparent
052124_Cam4_TrNum8_Coop_EB015R-EB011Y,052124_EB015R-011Y_019Y_TimeOut_CNO,multi,test,True,EB015R-EB011Y,0.1360655737704918,0.1454867965553743,True,0.0016808285411838,True,True,coop,TP,False,transparent
052124_Cam4_TrNum12_Coop_EB015R-EB019Y,052124_EB015R-011Y_019Y_TimeOut_CNO,multi,test,True,EB015R-EB019Y,0.1892646602544213,0.1953335401799565,True,0.0071253490536766,True,True,coop,UF,False,transparent
052124_Cam2_TrNum12_Coop_EB029R-EB027Y,052124_EB029R-027Y-033Y_TimeOut_CNO,multi,test,True,EB029R-EB027Y,0.2219031356721515,0.2312170133498913,True,0.0054858739521887,True,True,coop,TP,False,transparent
052124_Cam2_TrNum7_Coop_EB029R-EB033Y,052124_EB029R-027Y-033Y_TimeOut_CNO,multi,test,True,EB029R-EB033Y,0.2392140552530752,0.2531911675741077,True,0.0065713853599516,True,True,coop,UF,False,transparent
052324_Cam3_TrNum10_Coop_EB007R-EB005Y,052324_EB007R-005Y-033Y_TimeOut_VEH,multi,test,True,EB007R-EB005Y,0.1897138324127394,0.2017452109531084,True,0.0021330356093548,True,True,coop,TP,False,transparent
052324_Cam3_TrNum12_Coop_EB007R-EB033Y,052324_EB007R-005Y-033Y_TimeOut_VEH,multi,test,True,EB007R-EB033Y,0.163063622855599,0.1764068620829393,True,0.006238011616912,True,True,coop,UF,False,transparent
052324_Cam2_TrNum7_Coop_EB015R-EB023B,052324_EB015R-011Y_023B_TimeOut_VEH,multi,test,True,EB015R-EB023B,0.0739167924121577,0.0753977150247898,True,0.0011370985126104,True,True,coop,UF,False,transparent
052324_Cam2_TrNum12_Coop_EB015R-EB011Y,052324_EB015R-011Y_023B_TimeOut_VEH,multi,test,True,EB015R-EB011Y,0.1182011297252933,0.1194998310239946,True,0.0013252546709795,True,True,coop,TP,False,transparent
052324_Cam4_TrNum12_Coop_EB029R-EB027Y,052324_EB029R-027Y-003B_TimeOut_VEH,multi,test,True,EB029R-EB027Y,0.1523785097192224,0.1635448164146868,True,0.002877969762419,True,True,coop,TP,False,transparent
052324_Cam4_TrNum10_Coop_EB029R-EB003B,052324_EB029R-027Y-003B_TimeOut_VEH,multi,test,True,EB029R-EB003B,0.1578343313373253,0.1635728542914171,True,0.00396373918829,True,True,coop,UF,False,transparent
052424_Cam1_TrNum9_Coop_EB005Y-EB023B,052424_EB005Y-007R-023B_TimeOut_CNO,multi,test,True,EB005Y-EB023B,0.0716939328156122,0.0755052257010496,True,0.0010619251169348,True,True,coop,UF,False,transparent
052424_Cam1_TrNum11_Coop_EB005Y-EB007R,052424_EB005Y-007R-023B_TimeOut_CNO,multi,test,True,EB005Y-EB007R,0.1858417313728729,0.1886777906272372,True,0.0048488352882868,True,True,coop,TP,False,transparent
052424_Cam2_TrNum12_Coop_EB011Y-EB015R,052424_EB011Y-015R-003B_TimeOut_CNO,multi,test,True,EB011Y-EB015R,0.1222311289245157,0.1224649298597194,True,0.0012792251169004,True,True,coop,TP,False,transparent
052424_Cam2_TrNum7_Coop_EB011Y-EB003B,052424_EB011Y-015R-003B_TimeOut_CNO,multi,test,True,EB011Y-EB003B,0.0916343836472373,0.0965134339016334,True,0.0004757654199767,True,True,coop,UF,False,transparent
052424_Cam3_TrNum12_Coop_EB027Y-EB029R,052424_EB027Y-029R-017B_TimeOut_CNO,multi,test,True,EB027Y-EB029R,0.123333681753249,0.133991846973973,True,0.001057454444096,True,True,coop,TP,False,transparent
052424_Cam3_TrNum10_Coop_EB027Y-EB017B,052424_EB027Y-029R-017B_TimeOut_CNO,multi,test,True,EB027Y-EB017B,0.0897159504734158,0.0924661325564457,True,0.0012294246176256,True,True,coop,UF,False,transparent
052424_Cam4_TrNum12_Coop_EB031B-EB001R,052424_EB031B-001R-033Y_TimeOut_CNO,multi,test,True,EB031B-EB001R,0.0439476189251074,0.0444827497491574,True,0.0004052072345571,True,True,coop,TP,False,transparent
052424_Cam4_TrNum7_Coop_EB031B-EB033Y,052424_EB031B-001R-033Y_TimeOut_CNO,multi,test,True,EB031B-EB033Y,0.0926670718494833,0.0986893216711148,True,0.0010252886927569,True,True,coop,UF,False,transparent
052824_Cam1_TrNum10_Coop_EB005Y-EB007R,052824_EB005Y-007R-017B_TimeOut_VEH,multi,test,True,EB005Y-EB007R,0.1557439318139707,0.1607837687604224,True,0.0024411710209375,True,True,coop,TP,False,transparent
052824_Cam1_TrNum12_Coop_EB005Y-EB017B,052824_EB005Y-007R-017B_TimeOut_VEH,multi,test,True,EB005Y-EB017B,0.0675907883082373,0.0704627989371124,True,0.0015755093002657,True,True,coop,UF,False,transparent
052824_Cam4_TrNum9_Coop_EB011Y-EB023B,052824_EB011Y-015R-023B_TimeOut_VEH,multi,test,True,EB011Y-EB023B,0.1710021044006182,0.1993295714844404,True,0.0024349591224835,True,True,coop,UF,False,transparent
052824_Cam4_TrNum12_Coop_EB011Y-EB015R,052824_EB011Y-015R-023B_TimeOut_VEH,multi,test,True,EB011Y-EB015R,0.1070706312259097,0.113320318366121,True,0.0008246984031636,True,True,coop,TP,False,transparent
052824_Cam2_TrNum11_Coop_EB027Y-EB029R,052824_EB027Y-029R-003B_TimeOut_VEH,multi,test,True,EB027Y-EB029R,0.1794093021912983,0.1896440222883044,True,0.0018203077633744,True,True,coop,TP,False,transparent
052824_Cam2_TrNum9_Coop_EB027Y-EB003B,052824_EB027Y-029R-003B_TimeOut_VEH,multi,test,True,EB027Y-EB003B,0.0855012274581464,0.0873119589493696,True,0.0008047695516547,True,True,coop,UF,False,transparent
052824_Cam3_TrNum12_Coop_EB031B-EB019Y,052824_EB031B-001R-019Y_TimeOut_VEH,multi,test,True,EB031B-EB019Y,0.1527316651521532,0.1612114630200137,True,0.0046676566413262,True,True,coop,UF,False,transparent
052824_Cam3_TrNum10_Coop_EB031B-EB001R,052824_EB031B-001R-019Y_TimeOut_VEH,multi,test,True,EB031B-EB001R,0.0388710163868503,0.040012063938876,True,0.0005755504172112,True,True,coop,TP,False,transparent
052924_Cam2_TrNum8_Coop_EB001R-EB031B,052924_EB001R-031B-033Y_TimeOut_CNO,multi,test,True,EB001R-EB031B,0.062938163313134,0.0653721249455957,True,0.000379992634504,True,True,coop,TP,False,transparent
052924_Cam2_TrNum10_Coop_EB001R-EB033Y,052924_EB001R-031B-033Y_TimeOut_CNO,multi,test,True,EB001R-EB033Y,0.2217094849628637,0.2341131655389539,True,0.0050938407750778,True,True,coop,UF,False,transparent
052924_Cam4_TrNum10_Coop_EB007R-EB019Y,052924_EB007R-005Y-019Y_TimeOut_CNO,multi,test,True,EB007R-EB019Y,0.1466419856085097,0.1556870719922133,True,0.0031920255848715,True,True,coop,UF,False,transparent
052924_Cam4_TrNum12_Coop_EB007R-EB005Y,052924_EB007R-005Y-019Y_TimeOut_CNO,multi,test,True,EB007R-EB005Y,0.296515103444821,0.3152687561574298,True,0.0077136941239334,True,True,coop,TP,False,transparent
052924_Cam3_TrNum10_Coop_EB015R-EB017B,052924_EB015R-011Y_017B_TimeOut_CNO,multi,test,True,EB015R-EB017B,0.0568214564707924,0.0609478343893759,True,0.0007238954951827,True,True,coop,UF,False,transparent
052924_Cam3_TrNum12_Coop_EB015R-EB011Y,052924_EB015R-011Y_017B_TimeOut_CNO,multi,test,True,EB015R-EB011Y,0.06002079002079,0.0625467775467775,True,0.000566528066528,True,True,coop,TP,False,transparent
052924_Cam1_TrNum10_Coop_EB029R-EB023B,052924_EB029R-027Y-023B_TimeOut_CNO,multi,test,True,EB029R-EB023B,0.0755351917449561,0.0772216232866163,True,0.0018115663021715,True,True,coop,UF,False,transparent
052924_Cam1_TrNum7_Coop_EB029R-EB027Y,052924_EB029R-027Y-023B_TimeOut_CNO,multi,test,True,EB029R-EB027Y,0.1457184414941355,0.1531674558227339,True,0.002311763067496,True,True,coop,TP,False,transparent
053124_Cam2_TrNum9_Coop_EB005Y-EB007R,053124_EB005Y-007R-003B_TimeOut_CNO,multi,test,True,EB005Y-EB007R,0.2402936647602287,0.2534920809502859,True,0.0029146502419709,True,True,coop,TP,False,transparent
053124_Cam2_TrNum12_Coop_EB005Y-EB003B,053124_EB005Y-007R-003B_TimeOut_CNO,multi,test,True,EB005Y-EB003B,0.0488104845217728,0.0495852028793699,True,0.0003704122147261,True,True,coop,UF,False,transparent
053124_Cam4_TrNum8_Coop_EB011Y-EB015R,053124_EB011Y-015R-017B_TimeOut_CNO,multi,test,True,EB011Y-EB015R,0.0647600154295475,0.065939273709153,True,0.0002286879374001,True,True,coop,TP,False,transparent
053124_Cam4_TrNum10_Coop_EB011Y-EB017B,053124_EB011Y-015R-017B_TimeOut_CNO,multi,test,True,EB011Y-EB017B,0.1199582434726747,0.1423507548295324,True,0.0012630202358555,True,True,coop,UF,False,transparent
053124_Cam1_TrNum12_Coop_EB027Y-EB003B,053124_EB027Y-029R-023B_TimeOut_CNO,multi,test,True,EB027Y-EB003B,0.0332582996447384,0.0338830699497733,True,0.000717413940953,True,True,coop,TP,False,transparent
053124_Cam1_TrNum7_Coop_EB027Y-EB029R,053124_EB027Y-029R-023B_TimeOut_CNO,multi,test,True,EB027Y-EB029R,0.1177835989230881,0.120017463435931,True,0.0037255329986174,True,True,coop,TP,False,transparent
053124_Cam3_TrNum7_Coop_EB031B-EB001R,053124_EB031B-001R-033Y_TimeOut_CNO,multi,test,True,EB031B-EB001R,0.0313918031939635,0.0343997105793581,True,0.0005323272520543,True,True,coop,TP,False,transparent
053124_Cam3_TrNum12_Coop_EB031B-EB033Y,053124_EB031B-001R-033Y_TimeOut_CNO,multi,test,True,EB031B-EB033Y,0.032983468905799,0.0331596506353787,True,0.0005754020317127,True,True,coop,UF,False,transparent
090324_Cam1_TrNum14_Coop_KL002B-KL002Y,090324_FiberPho_KL002B-KL003_TimeOut,multi,test,True,KL002B-KL002Y,0.0474993001772884,0.0491788746850797,True,0.0002985910236073,True,True,coop,TP,True,transparent
090924_Cam1_TrNum10_Coop_KL007G-KL002Y,090924_FiberPho_KL007G-KL002_TimeOut,multi,test,True,KL007G-KL002Y,0.1215540784253104,0.1281908589684134,True,0.0011361879734116,True,True,coop,UF,True,transparent
090924_Cam1_TrNum8_Coop_KL007G-KL007Y,090924_FiberPho_KL007G-KL002_TimeOut,multi,test,True,KL007G-KL007Y,0.128582427396754,0.1401589110283022,True,0.0012349481075421,True,True,coop,TP,True,transparent
090924_Cam2_TrNum14_Coop_KL008B-KL002Y,090924_FiberPho_KL008B-KL003_TimeOut,multi,test,True,KL008B-KL002Y,0.0466842763798137,0.0507889614903378,True,0.0004014319477269,True,True,coop,UF,True,transparent
091024_Cam1_TrNum8_Coop_KL007Y-KL007G,091024_FiberPho_KL007Y-KL002_TimeOut,multi,test,True,KL007Y-KL007G,0.1039813174424223,0.1104944435496859,True,0.0014189080367208,True,True,coop,TP,True,transparent
091024_Cam1_TrNum14_Coop_KL007Y-KL002B,091024_FiberPho_KL007Y-KL002_TimeOut,multi,test,True,KL007Y-KL002B,0.0744354160829364,0.0802745867189689,True,0.0009302325581395,True,True,coop,UF,True,transparent
091024_Cam1_TrNum10_Coop_KL007Y-KL002G,091024_FiberPho_KL007Y-KL002_TimeOut,multi,test,True,KL007Y-KL002G,0.2519794304615225,0.270636725412166,True,0.0079190139025272,True,True,coop,UF,True,transparent
091124_Cam1_TrNum8_Coop_KL002Y-KL002B,091124_FiberPho_KL002Y-KL005_TimeOut,multi,test,True,KL002Y-KL002B,0.0934364593404232,0.0986625845955526,True,0.0010473735095069,True,True,coop,TP,True,transparent
091124_Cam1_TrNum14_Coop_KL002Y-KL005B,091124_FiberPho_KL002Y-KL005_TimeOut,multi,test,True,KL002Y-KL005B,0.1456251732043433,0.1532537223187967,True,0.0027120650996397,True,True,coop,UF,True,transparent
091124_Cam2_TrNum14_Coop_KL007Y-KL004G,091124_FiberPho_KL007Y-KL004_TimeOut,multi,test,True,KL007Y-KL004G,0.2227693856998993,0.230254279959718,True,0.0068781470292044,True,True,coop,UF,True,transparent
091124_Cam2_TrNum12_Coop_KL007Y-KL007G,091124_FiberPho_KL007Y-KL004_TimeOut,multi,test,True,KL007Y-KL007G,0.2628441355530413,0.2818544259468779,True,0.00827406928506,True,True,coop,TP,True,transparent
091224_Cam1_TrNum14_Coop_KL002B-KL002Y,091224_FiberPho_KL002B-KL005_TimeOut_NoTTL,multi,test,True,KL002B-KL002Y,0.0412754786905497,0.0444796170475602,True,3.860407659048795e-06,True,True,coop,TP,True,transparent
091224_Cam1_TrNum8_Coop_KL002B-KL005Y,091224_FiberPho_KL002B-KL005_TimeOut_NoTTL,multi,test,True,KL002B-KL005Y,0.0959668405365126,0.1071767883755588,True,0.0005122950819672,True,True,coop,UF,True,transparent
091324_Cam2_TrNum8_Coop_KL005Y-KL007G,091324_FiberPho_KL005Y_KL007_TimeOut,multi,test,True,KL005Y-KL007G,0.2173530696963076,0.2224492025344112,True,0.006540856456194,True,True,coop,UF,True,transparent
091324_Cam2_TrNum12_Coop_KL005Y-KL006R,091324_FiberPho_KL005Y_KL007_TimeOut,multi,test,True,KL005Y-KL006R,0.2329500253127938,0.2687495479858248,True,0.0045707673392637,True,True,coop,UF,True,transparent
091324_Cam2_TrNum10_Coop_KL005Y-KL005B,091324_FiberPho_KL005Y_KL007_TimeOut,multi,test,True,KL005Y-KL005B,0.0341160773849232,0.0368201022904158,True,4.89215032243718e-05,True,True,coop,TP,True,transparent
091324_Cam1_TrNum8_Coop_KL006G-KL006R,091324_FiberPho_KL006G-KL002_TimeOut,multi,test,True,KL006G-KL006R,0.1895783954607484,0.1990160166630754,True,0.0041855203619909,True,True,coop,TP,True,transparent
091324_Cam1_TrNum12_Coop_KL006G-KL002Y,091324_FiberPho_KL006G-KL002_TimeOut,multi,test,True,KL006G-KL002Y,0.1851858645145512,0.1937637564196625,True,0.0078778429933969,True,True,coop,UF,True,transparent
091624_Cam2_TrNum8_Coop_KL003B-KL005Y,091624_FiberPho_KL003B-KL005_TimeOut,multi,test,True,KL003B-KL005Y,0.0500863557858376,0.0548976067110782,True,0.0001254214984784,True,True,coop,UF,True,transparent
091624_Cam1_TrNum14_Coop_KL006G-KL007Y,091624_FiberPho_KL006G-KL007_TimeOut,multi,test,True,KL006G-KL007Y,0.0953950841790344,0.1074206605267789,True,0.0006306094914061,True,True,coop,UF,True,transparent
091624_Cam1_TrNum8_Coop_KL006G-KL006R,091624_FiberPho_KL006G-KL007_TimeOut,multi,test,True,KL006G-KL006R,0.1113495782567947,0.1142033739456419,True,0.0019400187441424,True,True,coop,TP,True,transparent
091624_Cam1_TrNum12_Coop_KL006G-KL005Y,091624_FiberPho_KL006G-KL007_TimeOut,multi,test,True,KL006G-KL005Y,0.1007986723368945,0.1152266362410538,True,0.0008349756249351,True,True,coop,UF,True,transparent
091724_Cam1_TrNum10_Coop_KL003G-KL002Y,091724_FiberPho_KL003G-KL006_TimeOut,multi,test,True,KL003G-KL002Y,0.1351745363246132,0.1477119948165546,True,0.0028103992872762,True,True,coop,UF,True,transparent
091724_Cam1_TrNum8_Coop_KL003G-KL006R,091724_FiberPho_KL003G-KL006_TimeOut,multi,test,True,KL003G-KL006R,0.1339652548820694,0.1363999492772001,True,0.0024093329951813,True,True,coop,UF,True,transparent
091724_Cam2_TrNum14_Coop_KL004G-KL002Y,091724_FiberPho_KL004G-KL002_TimeOut,multi,test,True,KL004G-KL002Y,0.1053141287505282,0.107747570080293,True,0.0008980138047612,True,True,coop,UF,True,transparent
091724_Cam2_TrNum11_Coop_KL004G-KL006R,091724_FiberPho_KL004G-KL002_TimeOut,multi,test,True,KL004G-KL006R,0.0939662761562944,0.0991839913320241,True,0.0011613733324304,True,True,coop,UF,True,transparent
091824_Cam1_TrNum8_Coop_KL006G-KL006R,091824_FiberPho_KL006G-KL003_TimeOut,multi,test,True,KL006G-KL006R,0.1121427150341534,0.1158432256780953,True,0.0020724185953975,True,True,coop,TP,True,transparent
091824_Cam1_TrNum10_Coop_KL006G-KL001Y,091824_FiberPho_KL006G-KL003_TimeOut,multi,test,True,KL006G-KL001Y,0.240242480764747,0.2683181782855366,True,0.0069907515349343,True,True,coop,UF,True,transparent
091924_Cam1_TrNum8_Coop_KL003B-KL001Y,091924_FiberPho_KL003B-KL004_TimeOut,multi,test,True,KL003B-KL001Y,0.1619999027757522,0.1814253074716834,True,0.0031573574449467,True,True,coop,UF,True,transparent
092424_Cam1_TrNum8_Coop_KL002B-KL002Y,092424_FiberPho_KL002B-KL001_TimeOut,multi,test,True,KL002B-KL002Y,0.0768648579308575,0.0790327753190943,True,0.0002309024437175,True,True,coop,TP,True,transparent
092424_Cam1_TrNum14_Coop_KL002B-KL006R,092424_FiberPho_KL002B-KL001_TimeOut,multi,test,True,KL002B-KL006R,0.1370663941094261,0.1386871362716672,True,0.0025437516947915,True,True,coop,UF,True,transparent
092424_Cam1_TrNum10_Coop_KL002B-KL001Y,092424_FiberPho_KL002B-KL001_TimeOut,multi,test,True,KL002B-KL001Y,0.2161047377178387,0.2473509063840966,True,0.0042057097819423,True,True,coop,UF,True,transparent
092424_Cam2_TrNum8_Coop_KL005Y-KL003G,092424_FiberPho_KL005Y-KL008_TimeOut,multi,test,True,KL005Y-KL003G,0.2315401501395702,0.25118024878723,True,0.0048619203772459,True,True,coop,UF,True,transparent
092424_Cam2_TrNum14_Coop_KL005Y-KL005B,092424_FiberPho_KL005Y-KL008_TimeOut,multi,test,True,KL005Y-KL005B,0.0422532056666106,0.0484573604345148,True,0.0001847807827985,True,True,coop,TP,False,transparent
092524_Cam1_TrNum12_Coop_KL005Y-KL003G,092524_FiberPho_KL005Y-KL003_2X_TimeOut,multi,test,True,KL005Y-KL003G,0.2126127317447303,0.2336198460765385,True,0.011470207082595,True,True,coop,UF,True,transparent
092524_Cam1_TrNum10_Coop_KL005Y-KL005B,092524_FiberPho_KL005Y-KL003_2X_TimeOut,multi,test,True,KL005Y-KL005B,0.0763290004482294,0.0890542357687135,True,0.000726131779471,True,True,coop,TP,True,transparent
092524_Cam1_TrNum8_Coop_KL005Y-KL006R,092524_FiberPho_KL005Y-KL003_2X_TimeOut,multi,test,True,KL005Y-KL006R,0.2209708632015045,0.276840469895609,True,0.0044481997328899,True,True,coop,UF,True,transparent
092524_Cam2_TrNum14_Coop_KL006G-KL002Y,092524_FiberPho_KL006G-KL002_2X_TimeOut,multi,test,True,KL006G-KL002Y,0.1395004970178926,0.1448931411530815,True,0.0023142395626242,True,True,coop,UF,True,transparent
092524_Cam2_TrNum12_Coop_KL006G-KL006R,092524_FiberPho_KL006G-KL002_2X_TimeOut,multi,test,True,KL006G-KL006R,0.077848610924708,0.0837337270165078,True,0.0015903905516038,True,True,coop,TP,True,transparent
092624_Cam2_TrNum14_Coop_KL002B-KL006R,092624_FiberPho_KL002B-KL006_2X_TimeOut,multi,test,True,KL002B-KL006R,0.1184537224492914,0.1213262538676038,True,0.0018335306925398,True,True,coop,UF,True,transparent
092624_Cam2_TrNum12_Coop_KL002B-KL002Y,092624_FiberPho_KL002B-KL006_2X_TimeOut,multi,test,True,KL002B-KL002Y,0.0395764736264445,0.0406740267286461,True,0.0001549486732519,True,True,coop,TP,True,transparent
092624_Cam1_TrNum12_Coop_KL003B-KL001Y,092624_FiberPho_KL003B-KL005_2X_TimeOut,multi,test,True,KL003B-KL001Y,0.1832164642836782,0.2040704634855481,True,0.0023487828516048,True,True,coop,UF,True,transparent
092624_Cam1_TrNum10_Coop_KL003B-KL005Y,092624_FiberPho_KL003B-KL005_2X_TimeOut,multi,test,True,KL003B-KL005Y,0.0688363208933294,0.0795278675678323,True,0.0009770790478989,True,True,coop,UF,True,transparent
092724_Cam2_TrNum11_Coop_KL007Y-KL003G,092724_FiberPho_KL007Y_KL003_TimeOut,multi,test,True,KL007Y-KL003G,0.1989557972190661,0.2226316074230374,True,0.002334577720067,True,True,coop,UF,True,transparent
092724_Cam2_TrNum15_Coop_KL007Y-KL003B,092724_FiberPho_KL007Y_KL003_TimeOut,multi,test,True,KL007Y-KL003B,0.0228269181748661,0.0252740249808819,True,1.5931684934998726e-05,True,True,coop,UF,True,transparent
092724_Cam1_TrNum9_Coop_KL008G-KL006R,092724_FiberPho_KL008G_KL002_TimeOut,multi,test,True,KL008G-KL006R,0.1400374591535825,0.1428827608193193,True,0.0038515182912249,True,True,coop,UF,True,transparent
092724_Cam1_TrNum13_Coop_KL008G-KL002Y,092724_FiberPho_KL008G_KL002_TimeOut,multi,test,True,KL008G-KL002Y,0.2061024894924022,0.2133958400689729,True,0.0060593813988576,True,True,coop,UF,True,transparent
093024_Cam2_TrNum13_Coop_KL004G-KL001Y,093024_FiberPho_KL004G-KL001_TimeOut,multi,test,True,KL004G-KL001Y,0.1840930178612851,0.2122941312920436,True,0.0025110183252145,True,True,coop,UF,True,transparent
093024_Cam1_TrNum9_Coop_KL007Y-KL003G,093024_FiberPho_KL007Y_KL003_2X_TimeOut,multi,test,True,KL007Y-KL003G,0.1204972444889779,0.1329471442885771,True,0.001255636272545,True,True,coop,UF,True,transparent
093024_Cam1_TrNum14_Coop_KL007Y-KL003B,093024_FiberPho_KL007Y_KL003_2X_TimeOut,multi,test,True,KL007Y-KL003B,0.0602576950608446,0.0678740157480315,True,0.0002397995705082,True,True,coop,UF,True,transparent
100124_Cam2_TrNum9_Coop_KL004G-KL001Y,100124_FiberPho_KL004G-KL001_2X_TimeOut,multi,test,True,KL004G-KL001Y,0.2217344880768774,0.2506544864950369,True,0.0055186459445564,True,True,coop,UF,True,transparent
100124_Cam1_TrNum13_Coop_KL008G-KL002Y,100124_FiberPho_KL008G_KL002_2X_TimeOut,multi,test,True,KL008G-KL002Y,0.2304018237249031,0.241264522508171,True,0.0057554450822598,True,True,coop,UF,True,transparent
100224_Cam2_TrNum12_Coop_KL002Y-KL002B,100224_FiberPho_KL002Y-KL003_TimeOut,multi,test,True,KL002Y-KL002B,0.0378654770075497,0.0397529169526424,True,0.0002814001372683,True,True,coop,TP,True,transparent
100224_Cam2_TrNum10_Coop_KL002Y-KL003B,100224_FiberPho_KL002Y-KL003_TimeOut,multi,test,True,KL002Y-KL003B,0.0386741154562383,0.0403054003724394,True,0.0003351955307262,True,True,coop,UF,True,transparent
100224_Cam1_TrNum12_Coop_KL006G-KL006R,100224_FiberPho_KL006G-KL008_TimeOut,multi,test,True,KL006G-KL006R,0.1015709245823071,0.1067563069959395,True,0.002170005990814,True,True,coop,TP,True,transparent
101724_Cam2_TrNum4_Coop_HF004Y-HF003B,101724_FiberPho_HF004Y_HF001R_TimeOut,multi,test,True,HF004Y-HF003B,0.2741675538749587,0.293997577003561,True,0.0077076985205036,True,True,coop,TP,True,transparent
040124_COOPTRAIN_LARGEARENA_KL005B-KL005Y_Camera1,040124,multi,train,True,L005Y_Camera1,0.1234566933454576,0.1303417027914742,True,0.0022603808194909,True,True,coop,TP,False,transparent
040124_COOPTRAIN_LARGEARENA_KL001B-KL001Y_Camera1,040124,multi,train,True,L001Y_Camera1,0.2008064885671081,0.2077964925602738,True,0.0078842112842937,True,True,coop,TP,False,transparent
040124_COOPTRAIN_LARGEARENA_KL002B-KL002Y_Camera2,040124,multi,train,True,L002Y_Camera2,0.1381167916680313,0.1417004552451446,True,0.0022392165853339,True,True,coop,TP,False,transparent
040124_COOPTRAIN_LARGEARENA_KL006R-KL006G_Camera2,040124,multi,train,True,L006G_Camera2,0.1373198135629842,0.1402429237275056,True,0.0026742445288143,True,True,coop,TP,False,transparent
040124_COOPTRAIN_LARGEARENA_KL004R-KL004G_Camera4,040124,multi,train,True,L004G_Camera4,0.152368711941343,0.1553368783888965,True,0.003549307013585,True,True,coop,TP,False,transparent
040224_COOPTRAIN_LARGEARENA_KL002B-KL002Y_Camera2,040224,multi,train,True,L002Y_Camera2,0.0673203563317328,0.070061289887687,True,0.0028705652981011,True,True,coop,TP,False,transparent
040224_COOPTRAIN_LARGEARENA_KL004R-KL004G_Camera4,040224,multi,train,True,L004G_Camera4,0.1441683398604457,0.1478659324493569,True,0.0031509055125936,True,True,coop,TP,False,transparent
040224_COOPTRAIN_LARGEARENA_KL005B-KL005Y_Camera1,040224,multi,train,True,L005Y_Camera1,0.1413429978118162,0.1475785171836787,True,0.0038775904234779,True,True,coop,TP,False,transparent
040224_COOPTRAIN_LARGEARENA_KL006R-KL006G_Camera2,040224,multi,train,True,L006G_Camera2,0.0781676136363636,0.0805614973262032,True,0.0006580046791443,True,True,coop,TP,False,transparent
040224_COOPTRAIN_LARGEARENA_KL001B-KL001Y_Camera1,040224,multi,train,True,L001Y_Camera1,0.1889524843877274,0.19133641053489,True,0.009945696443117,True,True,coop,TP,False,transparent
040324_COOPTRAIN_LARGEARENA_KL006R-KL006G_Camera2,040324,multi,train,True,L006G_Camera2,0.0990779168220665,0.1021433275934581,True,0.001762829414612,True,True,coop,TP,False,transparent
040324_COOPTRAIN_LARGEARENA_KL002B-KL002Y_Camera2,040324,multi,train,True,L002Y_Camera2,0.1144409958842183,0.1171655084002429,True,0.0028250455434855,True,True,coop,TP,False,transparent
040324_COOPTRAIN_LARGEARENA_KL004R-KL004G_Camera4,040324,multi,train,True,L004G_Camera4,0.0833752689951994,0.0856828339678861,True,0.0012328256911107,True,True,coop,TP,False,transparent
040324_COOPTRAIN_LARGEARENA_KL001B-KL001Y_Camera1,040324,multi,train,True,L001Y_Camera1,0.2623430905377808,0.2658543226684819,True,0.0211705241660993,True,True,coop,TP,False,transparent
040324_COOPTRAIN_LARGEARENA_KL005B-KL005Y_Camera1,040324,multi,train,True,L005Y_Camera1,0.0772326336512157,0.0804523645164864,True,0.0010699767340781,True,True,coop,TP,False,transparent
040424_COOPTRAIN_LARGEARENA_KL005B-KL005Y_Camera1,040424,multi,train,True,L005Y_Camera1,0.0620448737698678,0.065115899740834,True,0.0003982637693241,True,True,coop,TP,False,transparent
040424_COOPTRAIN_LARGEARENA_KL006R-KL006G_Camera2,040424,multi,train,True,L006G_Camera2,0.0914135102223931,0.0936021918861757,True,0.0017829103377555,True,True,coop,TP,False,transparent
040524_COOPTRAIN_LARGEARENA_KL005B-KL005Y_Camera1,040524,multi,train,True,L005Y_Camera1,0.1136036379747458,0.1191455189898343,True,0.0024774164964186,True,True,coop,TP,False,transparent
040524_COOPTRAIN_LARGEARENA_KL006R-KL006G_Camera2,040524,multi,train,True,L006G_Camera2,0.1365668245279537,0.1402361768866473,True,0.0045085798634602,True,True,coop,TP,False,transparent
040524_COOPTRAIN_LARGEARENA_KL002B-KL002Y_Camera2,040524,multi,train,True,L002Y_Camera2,0.0359377119448739,0.0371205338976153,True,0.0004286373131493,True,True,coop,TP,False,transparent
040524_COOPTRAIN_LARGEARENA_KL001B-KL001Y_Camera1,040524,multi,train,True,L001Y_Camera1,0.0919978321251947,0.0940532484249034,True,0.0033717227830092,True,True,coop,TP,False,transparent
040724_COOPTRAIN_LARGEARENA_KL001B-KL001Y_Camera1,040724,multi,train,True,L001Y_Camera1,0.0943821542732578,0.095716478166942,True,0.0014750877330179,True,True,coop,TP,False,transparent
040724_COOPTRAIN_LARGEARENA_KL004R-KL004G_Camera4,040724,multi,train,True,L004G_Camera4,0.1867934878435828,0.1972160727229982,True,0.0035190917461747,True,True,coop,TP,False,transparent
040724_COOPTRAIN_LARGEARENA_KL002B-KL002Y_Camera2,040724,multi,train,True,L002Y_Camera2,0.0799680836482543,0.0842748330755223,True,0.0018156096414795,True,True,coop,TP,False,transparent
040824_COOPTRAIN_LARGEARENA_KL005B-KL005Y_Camera1,040824,multi,train,True,L005Y_Camera1,0.2970259612224778,0.3107434464976364,True,0.0113703581991455,True,True,coop,TP,False,transparent
040824_COOPTRAIN_LARGEARENA_KL001B-KL001Y_Camera1,040824,multi,train,True,L001Y_Camera1,0.0575819373634377,0.0582069787459445,True,0.0010984572601469,True,True,coop,TP,False,transparent
040824_COOPTRAIN_LARGEARENA_KL006R-KL006G_Camera2,040824,multi,train,True,L006G_Camera2,0.1859945676204914,0.1938614111553281,True,0.0035032531109847,True,True,coop,TP,False,transparent
040824_COOPTRAIN_LARGEARENA_KL002B-KL002Y_Camera2,040824,multi,train,True,L002Y_Camera2,0.0636332294636345,0.0665994828614997,True,0.0005821123118742,True,True,coop,TP,False,transparent
040824_COOPTRAIN_LARGEARENA_KL004R-KL004G_Camera4,040824,multi,train,True,L004G_Camera4,0.2832241031628104,0.2975628847378476,True,0.0074566174909785,True,True,coop,TP,False,transparent
040924_COOPTRAIN_LARGEARENA_EB021R-EB023B_Camera3,040924,multi,train,True,B023B_Camera3,0.1030071995569503,0.10434742477386,True,0.0014623715463663,True,True,coop,TP,False,transparent
040924_COOPTRAIN_LARGEARENA_EB027Y-EB029R_Camera4,040924,multi,train,True,B029R_Camera4,0.1721641106466289,0.185982626041237,True,0.0041313944110277,True,True,coop,TP,False,transparent
040924_COOPTRAIN_LARGEARENA_EB005Y-EB007R_Camera1,040924,multi,train,True,B007R_Camera1,0.2557927618202654,0.2757797000727022,True,0.0051036314122706,True,True,coop,TP,False,transparent
040924_COOPTRAIN_LARGEARENA_EB011Y-EB015R_Camera2,040924,multi,train,True,B015R_Camera2,0.1376615392182178,0.1460695709911837,True,0.0016633467360163,True,True,coop,TP,False,transparent
041024_COOPTRAIN_LARGEARENA_EB009B-EB019Y_Camera2,041024,multi,train,True,B019Y_Camera2,0.1223668655448214,0.1299111513382714,True,0.0023394351367826,True,True,coop,TP,False,transparent
041024_COOPTRAIN_LARGEARENA_EB011Y-EB015R_Camera2,041024,multi,train,True,B015R_Camera2,0.1468113238422516,0.1555005727376861,True,0.0021407298314514,True,True,coop,TP,False,transparent
041024_COOPTRAIN_LARGEARENA_EB001R-EB003B_Camera1,041024,multi,train,True,B003B_Camera1,0.1131587579522196,0.1154188746540755,True,0.0020434374841186,True,True,coop,TP,False,transparent
041024_COOPTRAIN_LARGEARENA_EB031B-EB033Y_Camera3,041024,multi,train,True,B033Y_Camera3,0.2230523113342765,0.2380813012640904,True,0.0131529669598024,True,True,coop,TP,False,transparent
041024_COOPTRAIN_LARGEARENA_EB027Y-EB029R_Camera4,041024,multi,train,True,B029R_Camera4,0.2003435909830229,0.2163264506267596,True,0.0045643383913932,True,True,coop,TP,False,transparent
041024_COOPTRAIN_LARGEARENA_EB021R-EB023B_Camera3,041024,multi,train,True,B023B_Camera3,0.0916205822631087,0.0925973322190374,True,0.0019348920417077,True,True,coop,TP,False,transparent
041024_COOPTRAIN_LARGEARENA_EB005Y-EB007R_Camera1,041024,multi,train,True,B007R_Camera1,0.2170789117514368,0.2347070477236617,True,0.0056243175562137,True,True,coop,TP,False,transparent
041124_COOPTRAIN_LARGEARENA_EB005Y-EB007R_Camera2,041124,multi,train,True,B007R_Camera2,0.1726707699126633,0.1883369765591159,True,0.0029890401023461,True,True,coop,TP,False,transparent
041124_COOPTRAIN_LARGEARENA_EB031B-EB033Y_Camera3,041124,multi,train,True,B033Y_Camera3,0.182979959999772,0.1961367301238183,True,0.0061333682813007,True,True,coop,TP,False,transparent
041124_COOPTRAIN_LARGEARENA_EB011Y-EB015R_Camera3,041124,multi,train,True,B015R_Camera3,0.1124603885194611,0.1184275122481212,True,0.0017823908735148,True,True,coop,TP,False,transparent
041124_COOPTRAIN_LARGEARENA_EB027Y-EB029R_Camera2,041124,multi,train,True,B029R_Camera2,0.1655454944854304,0.1799780900703514,True,0.0034445376377215,True,True,coop,TP,False,transparent
041124_COOPTRAIN_LARGEARENA_EB021R-EB023B_Camera1,041124,multi,train,True,B023B_Camera1,0.0912170060385578,0.0921470237721884,True,0.0011295923545813,True,True,coop,TP,False,transparent
041124_COOPTRAIN_LARGEARENA_EB001R-EB003B_Camera1,041124,multi,train,True,B003B_Camera1,0.0889782832254552,0.0908192688484261,True,0.0014482890730546,True,True,coop,TP,False,transparent
041124_COOPTRAIN_LARGEARENA_EB009B-EB019Y_Camera4,041124,multi,train,True,B019Y_Camera4,0.1785044188996034,0.1958231836208805,True,0.0040192861312986,True,True,coop,TP,False,transparent
041224_COOPTRAIN_LARGEARENA_EB011Y-EB015R_Camera3,041224,multi,train,True,B015R_Camera3,0.1276085780310576,0.1337159500609321,True,0.0025664817633405,True,True,coop,TP,False,transparent
041224_COOPTRAIN_LARGEARENA_EB005Y-EB007R_Camera2,041224,multi,train,True,B007R_Camera2,0.2227450346023385,0.2390301234967318,True,0.0052176484564172,True,True,coop,TP,False,transparent
041224_COOPTRAIN_LARGEARENA_EB027Y-EB029R_Camera2,041224,multi,train,True,B029R_Camera2,0.2221603489169138,0.2311598818341188,True,0.0052134325732622,True,True,coop,TP,False,transparent
041224_COOPTRAIN_LARGEARENA_EB021R-EB023B_Camera1,041224,multi,train,True,B023B_Camera1,0.2552263264587708,0.2599768150423034,True,0.0045065002852599,True,True,coop,TP,False,transparent
041224_COOPTRAIN_LARGEARENA_EB001R-EB003B_Camera1,041224,multi,train,True,B003B_Camera1,0.1128766416415403,0.113834308031649,True,0.002757401299148,True,True,coop,TP,False,transparent
041324_COOPTRAIN_LARGEARENA_EB005Y-EB007R_Camera2,041324,multi,train,True,B007R_Camera2,0.2439615000554754,0.2695980805503162,True,0.0048552553718702,True,True,coop,TP,False,transparent
041324_COOPTRAIN_LARGEARENA_EB031B-EB033Y_Camera4,041324,multi,train,True,B033Y_Camera4,0.222766103011196,0.2351423314811904,True,0.0090097815334264,True,True,coop,TP,False,transparent
041324_COOPTRAIN_LARGEARENA_EB001R-EB003B_Camera1,041324,multi,train,True,B003B_Camera1,0.151886339504178,0.1534056599418309,True,0.0029393841466229,True,True,coop,TP,False,transparent
041424_COOPTRAIN_LARGEARENA_EB031B-EB033Y_Camera3,041424,multi,train,True,B033Y_Camera3,0.1465775954466496,0.1509096536940533,True,0.0035057933252023,True,True,coop,TP,False,transparent
041424_COOPTRAIN_LARGEARENA_EB001R-EB003B_Camera1,041424,multi,train,True,B003B_Camera1,0.1527552794112208,0.1538846665926994,True,0.0026651318465919,True,True,coop,TP,False,transparent
041524_COOPTRAIN_LARGEARENA_EB001R-EB003B_Camera1,041524,multi,train,True,B003B_Camera1,0.1765973215751577,0.1783136712245233,True,0.003386964373666,True,True,coop,TP,False,transparent
041524_COOPTRAIN_LARGEARENA_EB031B-EB033Y_Camera3,041524,multi,train,True,B033Y_Camera3,0.1830527607591853,0.1902127480186611,True,0.0049165776703576,True,True,coop,TP,False,transparent
041524_COOPTRAIN_LARGEARENA_EB011Y-EB015R_Camera2,041524,multi,train,True,B015R_Camera2,0.1585034767432196,0.1620693317080828,True,0.003853274972066,True,True,coop,TP,False,transparent
041524_COOPTRAIN_LARGEARENA_EB005Y-EB007R_Camera1,041524,multi,train,True,B007R_Camera1,0.2489798937591597,0.2685165579447159,True,0.0081994535392809,True,True,coop,TP,False,transparent
041524_COOPTRAIN_LARGEARENA_EB009B-EB019Y_Camera2,041524,multi,train,True,B019Y_Camera2,0.265495209165401,0.276988055727438,True,0.0063129324407942,True,True,coop,TP,False,transparent
041524_COOPTRAIN_LARGEARENA_EB021R-EB023B_Camera3,041524,multi,train,True,B023B_Camera3,0.0948288033072036,0.0960948421834556,True,0.0024238831036407,True,True,coop,TP,False,transparent
041624_COOPTRAIN_LARGEARENA_EB011Y-EB015R_Camera2,041624,multi,train,True,B015R_Camera2,0.1449529001354854,0.1482552247244951,True,0.0032329816401207,True,True,coop,TP,False,transparent
041624_COOPTRAIN_LARGEARENA_EB021R-EB023B_Camera3,041624,multi,train,True,B023B_Camera3,0.0701331957043889,0.0709430891081247,True,0.0011331229198509,True,True,coop,TP,False,transparent
041624_COOPTRAIN_LARGEARENA_EB031B-EB033Y_Camera3,041624,multi,train,True,B033Y_Camera3,0.111782112589366,0.1140381610719189,True,0.0027101778640531,True,True,coop,TP,False,transparent
041624_COOPTRAIN_LARGEARENA_EB001R-EB003B_Camera1,041624,multi,train,True,B003B_Camera1,0.1049346867596736,0.1056799486707028,True,0.0014637898131087,True,True,coop,TP,False,transparent
041624_COOPTRAIN_LARGEARENA_EB009B-EB019Y_Camera2,041624,multi,train,True,B019Y_Camera2,0.2236956293381384,0.2369902308556283,True,0.0099889299191156,True,True,coop,TP,False,transparent
041624_COOPTRAIN_LARGEARENA_EB005Y-EB007R_Camera1,041624,multi,train,True,B007R_Camera1,0.2054254840162089,0.2227540588500145,True,0.0047699764282119,True,True,coop,TP,False,transparent
041624_COOPTRAIN_LARGEARENA_EB027Y-EB029R_Camera4,041624,multi,train,True,B029R_Camera4,0.1795146480104941,0.192142014813637,True,0.0044119595606259,True,True,coop,TP,False,transparent
041724_COOPTRAIN_LARGEARENA_EB011Y-EB015R_Camera2,041724,multi,train,True,B015R_Camera2,0.1308898697411311,0.135043694430704,True,0.0017953401062871,True,True,coop,TP,False,transparent
041724_COOPTRAIN_LARGEARENA_EB027Y-EB029R_Camera4,041724,multi,train,True,B029R_Camera4,0.2248298707377669,0.2361256136055401,True,0.0072042391291302,True,True,coop,TP,False,transparent
041724_COOPTRAIN_LARGEARENA_EB005Y-EB007R_Camera1,041724,multi,train,True,B007R_Camera1,0.2311880766128768,0.2464850793734058,True,0.0054043420957726,True,True,coop,TP,False,transparent
041724_COOPTRAIN_LARGEARENA_EB021R-EB023B_Camera3,041724,multi,train,True,B023B_Camera3,0.0690630323679727,0.0721209540034071,True,0.0011069977722447,True,True,coop,TP,False,transparent
041824_COOPTRAIN_LARGEARENA_EB011Y-EB015R_Camera2,041824,multi,train,True,B015R_Camera2,0.1121332131724942,0.1163854186475291,True,0.0015134478168484,True,True,coop,TP,False,transparent
041824_COOPTRAIN_LARGEARENA_EB005Y-EB007R_Camera1,041824,multi,train,True,B007R_Camera1,0.1712006821304988,0.180210765078892,True,0.0031863110316395,True,True,coop,TP,False,transparent
041824_COOPTRAIN_LARGEARENA_EB021R-EB023B_Camera3,041824,multi,train,True,B023B_Camera3,0.0534180963883328,0.0546994689211323,True,0.0004752411362771,True,True,coop,TP,False,transparent
041824_COOPTRAIN_LARGEARENA_EB027Y-EB029R_Camera4,041824,multi,train,True,B029R_Camera4,0.180099720880923,0.2056494695081044,True,0.003234302657843,True,True,coop,TP,False,transparent
041824_COOPTRAIN_LARGEARENA_EB003B-EB019Y_Camera2,041824,multi,train,True,B019Y_Camera2,0.1753567862407195,0.1849691272067763,True,0.0027975709327047,True,True,coop,TP,False,transparent
041924_COOPTRAIN_LARGEARENA_EB027Y-EB029R_Camera4,041924,multi,train,True,B029R_Camera4,0.185549558390579,0.2035794896957801,True,0.0038858562315996,True,True,coop,TP,False,transparent
041924_COOPTRAIN_LARGEARENA_EB011Y-EB015R_Camera2,041924,multi,train,True,B015R_Camera2,0.1146320324881141,0.1180182745641838,True,0.0015674524564183,True,True,coop,TP,False,transparent
041924_COOPTRAIN_LARGEARENA_EB005Y-EB007R_Camera1,041924,multi,train,True,B007R_Camera1,0.1800499831787379,0.1931884187327067,True,0.0034888670708346,True,True,coop,TP,False,transparent
041924_COOPTRAIN_LARGEARENA_EB003B-EB019Y_Camera2,041924,multi,train,True,B019Y_Camera2,0.1691528354080221,0.1764128630705394,True,0.0025691562932226,True,True,coop,TP,False,transparent
041924_COOPTRAIN_LARGEARENA_EB009B-EB033Y_Camera3,041924,multi,train,True,B033Y_Camera3,0.1305438694658018,0.136537279201984,True,0.0034377827976153,True,True,coop,TP,False,transparent
041924_COOPTRAIN_LARGEARENA_EB021R-EB023B_Camera3,041924,multi,train,True,B023B_Camera3,0.0726429552253445,0.0741031582560933,True,0.0008943896817223,True,True,coop,TP,False,transparent
042224_COOPTRAIN_LARGEARENA_EB027Y-EB029R_Camera3,042224,multi,train,True,B029R_Camera3,0.1449890212123182,0.1577999409796379,True,0.0023795709519784,True,True,coop,TP,False,transparent
042224_COOPTRAIN_LARGEARENA_EB021R-EB023B_Camera4,042224,multi,train,True,B023B_Camera4,0.0741929255875867,0.0753909623924154,True,0.0008007234963571,True,True,coop,TP,False,transparent
042224_COOPTRAIN_LARGEARENA_EB011Y-EB015R_Camera2,042224,multi,train,True,B015R_Camera2,0.1159053278480369,0.1189130986845446,True,0.0013784346589466,True,True,coop,TP,False,transparent
042224_COOPTRAIN_LARGEARENA_EB003B-EB019Y_Camera2,042224,multi,train,True,B019Y_Camera2,0.1786890482603113,0.186767717891704,True,0.0029197331746578,True,True,coop,TP,False,transparent
042224_COOPTRAIN_LARGEARENA_EB009B-EB033Y_Camera3,042224,multi,train,True,B033Y_Camera3,0.1147618875560052,0.1187713783302018,True,0.0020544274220744,True,True,coop,TP,False,transparent
042224_COOPTRAIN_LARGEARENA_EB005Y-EB007R_Camera1,042224,multi,train,True,B007R_Camera1,0.1548385128538887,0.1633064188089814,True,0.0028270419785226,True,True,coop,TP,False,transparent
042324_COOPTRAIN_LARGEARENA_EB027Y-EB029R_Camera4,042324,multi,train,True,B029R_Camera4,0.1443251586644591,0.159074917218543,True,0.0018867273730684,True,True,coop,TP,False,transparent
042324_COOPTRAIN_LARGEARENA_EB009B-EB033Y_Camera3,042324,multi,train,True,B033Y_Camera3,0.169992940641564,0.1737475621283367,True,0.0027986168443471,True,True,coop,TP,False,transparent
042324_COOPTRAIN_LARGEARENA_EB021R-EB023B_Camera3,042324,multi,train,True,B023B_Camera3,0.053543381832617,0.0541448765080515,True,0.0006757106612126,True,True,coop,TP,False,transparent
042324_COOPTRAIN_LARGEARENA_EB011Y-EB015R_Camera2,042324,multi,train,True,B015R_Camera2,0.1222329536145149,0.1260807326474823,True,0.0015435958021092,True,True,coop,TP,False,transparent
042324_COOPTRAIN_LARGEARENA_EB005Y-EB007R_Camera1,042324,multi,train,True,B007R_Camera1,0.1882338756211621,0.2030547828408533,True,0.0043470584689052,True,True,coop,TP,False,transparent
042424_COOPTRAIN_LARGEARENA_EB021R-EB023B_Camera3,042424,multi,train,True,B023B_Camera3,0.0673039898205946,0.0690021118268968,True,0.0009369982745641,True,True,coop,TP,False,transparent
042424_COOPTRAIN_LARGEARENA_EB003B-EB019Y_Camera2,042424,multi,train,True,B019Y_Camera2,0.2641130671715608,0.2778168180742413,True,0.0070472792149866,True,True,coop,TP,False,transparent
042424_COOPTRAIN_LARGEARENA_EB027Y-EB029R_Camera4,042424,multi,train,True,B029R_Camera4,0.1678709917723665,0.1851935855055305,True,0.0025926689591411,True,True,coop,TP,False,transparent
042424_COOPTRAIN_LARGEARENA_EB005Y-EB007R_Camera1,042424,multi,train,True,B007R_Camera1,0.1679678866713709,0.1815095394693046,True,0.0026914218003168,True,True,coop,TP,False,transparent
042424_COOPTRAIN_LARGEARENA_EB009B-EB033Y_Camera3,042424,multi,train,True,B033Y_Camera3,0.1545716036871393,0.1609100121974161,True,0.004051241284309,True,True,coop,TP,False,transparent
042424_COOPTRAIN_LARGEARENA_EB011Y-EB015R_Camera2,042424,multi,train,True,B015R_Camera2,0.11048627367525,0.1136172589912747,True,0.0014896786550329,True,True,coop,TP,False,transparent
042524_COOPTRAIN_LARGEARENA_EB005Y-EB007R_Camera1,042524,multi,train,True,B007R_Camera1,0.180796541733244,0.1908888992023974,True,0.0035696526483984,True,True,coop,TP,False,transparent
042524_COOPTRAIN_LARGEARENA_EB021R-EB023B_Camera3,042524,multi,train,True,B023B_Camera3,0.0546071259180476,0.0555276887477183,True,0.0003657817957083,True,True,coop,TP,False,transparent
042524_COOPTRAIN_LARGEARENA_EB011Y-EB015R_Camera2,042524,multi,train,True,B015R_Camera2,0.1001514916096954,0.1024355189558732,True,0.0009620364615703,True,True,coop,TP,False,transparent
042524_COOPTRAIN_LARGEARENA_EB027Y-EB029R_Camera4,042524,multi,train,True,B029R_Camera4,0.1715864387162707,0.1872008766691497,True,0.0039631725080494,True,True,coop,TP,False,transparent
042624_COOPTRAIN_LARGEARENA_EB027Y-EB029R_Camera4,042624,multi,train,True,B029R_Camera4,0.1902785610606214,0.2125643704409086,True,0.0046168745319563,True,True,coop,TP,False,transparent
042624_COOPTRAIN_LARGEARENA_EB021R-EB023B_Camera3,042624,multi,train,True,B023B_Camera3,0.0589508434848634,0.0608926743917335,True,0.0005674952956323,True,True,coop,TP,False,transparent
042624_COOPTRAIN_LARGEARENA_EB005Y-EB007R_Camera1,042624,multi,train,True,B007R_Camera1,0.1703904255599126,0.1813241834881701,True,0.0029630628733847,True,True,coop,TP,False,transparent
043024_COOPTRAIN_LARGEARENA_EB021R-EB023B_Camera3,043024,multi,train,True,B023B_Camera3,0.0473482051750027,0.0490638040168905,True,0.000645423548834,True,True,coop,TP,False,transparent
043024_COOPTRAIN_LARGEARENA_EB027Y-EB029R_Camera4,043024,multi,train,True,B029R_Camera4,0.2320946058091286,0.2514315352697095,True,0.0066705394190871,True,True,coop,TP,False,transparent
043024_COOPTRAIN_LARGEARENA_EB005Y-EB007R_Camera1,043024,multi,train,True,B007R_Camera1,0.1604147156081915,0.167093758546672,True,0.0031397883326012,True,True,coop,TP,False,transparent
